{
    "type": "crafting_shaped",
    "pattern": [
        "iGi",
        "iRi",
        " / "
    ],
    "key": {
        "i": {
            "item": "minecraft:iron_ingot"
        },
        "G": {
            "item": "minecraft:glowstone"
        },
        "R": {
            "item": "minecraft:redstone"
        },
        "/": {
            "item": "minecraft:stick"
        }
    },
    "result": {
        "item": "minecraft:torch",
		    "tag": "{dynam_flashlight:1}"
    }
}
