{"stats":{"minecraft:killed":{"minecraft:shulker":2,"minecraft:skeleton":14,"minecraft:silverfish":1,"minecraft:pillager":1,"minecraft:zombie":16,"minecraft:evoker":3,"minecraft:vindicator":1,"minecraft:husk":2,"minecraft:wandering_trader":2,"minecraft:wither_skeleton":6,"minecraft:villager":20},"minecraft:custom":{"minecraft:open_shulker_box":1,"minecraft:bell_ring":1,"minecraft:leave_game":124,"minecraft:time_since_death":241569,"minecraft:damage_resisted":30,"minecraft:sprint_one_cm":2917428,"minecraft:drop":33,"minecraft:talked_to_villager":1264,"minecraft:deaths":10,"minecraft:jump":11853,"minecraft:walk_on_water_one_cm":512,"minecraft:interact_with_cartography_table":1,"minecraft:play_one_minute":4975212,"minecraft:damage_dealt":13590,"minecraft:crouch_one_cm":220358,"minecraft:mob_kills":80,"minecraft:inspect_hopper":1,"minecraft:climb_one_cm":532,"minecraft:walk_one_cm":4136673,"minecraft:sneak_time":155070,"minecraft:interact_with_blast_furnace":2,"minecraft:pot_flower":1,"minecraft:time_since_rest":241606,"minecraft:damage_absorbed":120,"minecraft:damage_taken":3780,"minecraft:fly_one_cm":36112680,"minecraft:open_chest":1,"minecraft:fall_one_cm":9368},"minecraft:picked_up":{"minecraft:shulker_shell":2,"minecraft:diamond_sword":5,"minecraft:birch_button":2,"minecraft:oak_sign":1,"minecraft:comparator":3,"minecraft:red_dye":1,"minecraft:redstone_torch":3,"minecraft:dark_oak_door":1,"minecraft:torch":19,"minecraft:crimson_button":1,"minecraft:nether_gold_ore":65,"minecraft:rotten_flesh":28,"minecraft:command_block":1,"minecraft:blue_dye":64,"minecraft:repeater":46,"minecraft:iron_door":3,"minecraft:orange_carpet":1,"minecraft:bone":72,"minecraft:wheat_seeds":1,"minecraft:prismarine":1,"minecraft:crimson_door":2,"minecraft:fermented_spider_eye":1,"minecraft:yellow_carpet":1,"minecraft:diamond":1,"minecraft:lever":17,"minecraft:polished_blackstone_button":6,"minecraft:emerald":3,"minecraft:azure_bluet":1,"minecraft:acacia_button":1,"minecraft:brick":1,"minecraft:white_carpet":1,"minecraft:netherite_sword":2,"minecraft:white_dye":1,"minecraft:stone_button":1,"minecraft:redstone":51,"minecraft:arrow":54,"minecraft:pink_glazed_terracotta":1,"minecraft:purpur_slab":64,"minecraft:totem_of_undying":3,"minecraft:dark_oak_button":1,"minecraft:yellow_dye":1,"minecraft:green_dye":2,"minecraft:soul_torch":32,"minecraft:gold_ore":1,"minecraft:spider_eye":128,"minecraft:slime_ball":1,"minecraft:painting":1,"minecraft:oak_button":27,"minecraft:pink_dye":130,"minecraft:coal":3,"minecraft:sunflower":26},"minecraft:used":{"minecraft:nether_brick_fence":1,"minecraft:light_blue_stained_glass_pane":16,"minecraft:carrot_on_a_stick":43,"minecraft:oak_sign":4,"minecraft:black_carpet":4,"minecraft:white_concrete_powder":7,"minecraft:chest":1,"minecraft:stone":219,"minecraft:brown_concrete":1,"minecraft:zombie_spawn_egg":20,"minecraft:red_nether_brick_stairs":7,"minecraft:grass":8,"minecraft:quartz_stairs":276,"minecraft:bell":2,"minecraft:smooth_sandstone_stairs":8,"minecraft:farmland":1,"minecraft:green_terracotta":1,"minecraft:debug_stick":78,"minecraft:skeleton_spawn_egg":6,"minecraft:orange_glazed_terracotta":3,"minecraft:jungle_planks":11,"minecraft:orange_wool":15,"minecraft:acacia_button":3,"minecraft:beehive":12,"minecraft:cyan_wool":90,"minecraft:milk_bucket":72,"minecraft:wandering_trader_spawn_egg":4,"minecraft:polished_blackstone_slab":34,"minecraft:crimson_button":2,"minecraft:honey_block":3,"minecraft:lava_bucket":5,"minecraft:bricks":5,"minecraft:coal_ore":2,"minecraft:warped_hyphae":1,"minecraft:quartz_pillar":3,"minecraft:villager_spawn_egg":7,"minecraft:red_wool":1,"minecraft:jungle_fence_gate":1,"minecraft:quartz_slab":359,"minecraft:black_stained_glass_pane":261,"minecraft:grass_block":1076,"minecraft:polished_andesite_stairs":4,"minecraft:quartz_block":924,"minecraft:warped_nylium":2,"minecraft:wet_sponge":1,"minecraft:gray_concrete_powder":22,"minecraft:dark_oak_button":2,"minecraft:pink_wool":42,"minecraft:stone_brick_stairs":4,"minecraft:stone_bricks":749,"minecraft:repeater":2724,"minecraft:birch_button":4,"minecraft:birch_trapdoor":22,"minecraft:honeycomb_block":7,"minecraft:red_carpet":4,"minecraft:redstone_lamp":597,"minecraft:brown_carpet":3,"minecraft:magma_block":1,"minecraft:snow":5,"minecraft:hay_block":10,"minecraft:infested_cracked_stone_bricks":64,"minecraft:jungle_button":1,"minecraft:acacia_fence":163,"minecraft:polished_diorite_stairs":10,"minecraft:gold_block":4,"minecraft:end_stone_brick_stairs":12,"minecraft:brown_concrete_powder":5,"minecraft:dark_prismarine_stairs":4,"minecraft:polished_blackstone_stairs":56,"minecraft:emerald_ore":4,"minecraft:dark_oak_stairs":56,"minecraft:diorite":10,"minecraft:brick_wall":73,"minecraft:warped_fungus_on_a_stick":22,"minecraft:spruce_door":3,"minecraft:wither_skeleton_skull":1,"minecraft:gray_carpet":9,"minecraft:acacia_trapdoor":1,"minecraft:blackstone_stairs":34,"minecraft:prismarine":238,"minecraft:oak_planks":569,"minecraft:prismarine_stairs":24,"minecraft:lime_concrete_powder":9,"minecraft:redstone_block":1595,"minecraft:clay":1,"minecraft:purpur_pillar":1,"minecraft:oak_leaves":61,"minecraft:white_wool":9,"minecraft:respawn_anchor":4,"minecraft:dark_oak_trapdoor":28,"minecraft:purpur_stairs":3,"minecraft:yellow_terracotta":119,"minecraft:light_blue_concrete":1,"minecraft:loom":9,"minecraft:light_blue_wool":95,"minecraft:blast_furnace":5,"minecraft:acacia_leaves":30,"minecraft:sponge":83,"minecraft:chiseled_quartz_block":197,"minecraft:stone_brick_wall":45,"minecraft:gray_concrete":301,"minecraft:shulker_spawn_egg":1,"minecraft:lingering_potion":1,"minecraft:black_concrete_powder":2,"minecraft:end_stone":2471,"minecraft:crimson_fence_gate":1,"minecraft:purple_concrete_powder":2,"minecraft:birch_fence":17,"minecraft:redstone_torch":35,"minecraft:sticky_piston":5,"minecraft:lever":2,"minecraft:green_concrete":3,"minecraft:blue_glazed_terracotta":3,"minecraft:black_concrete":5,"minecraft:crying_obsidian":4,"minecraft:birch_fence_gate":1,"minecraft:acacia_door":1,"minecraft:light_gray_concrete":84,"minecraft:lime_carpet":3,"minecraft:heavy_weighted_pressure_plate":1,"minecraft:brown_wool":5,"minecraft:barrier":416,"minecraft:stone_button":2,"minecraft:lectern":1,"minecraft:white_glazed_terracotta":7,"minecraft:polished_granite":4,"minecraft:oak_pressure_plate":1,"minecraft:iron_door":35,"minecraft:prismarine_wall":10,"minecraft:gravel":1,"minecraft:blackstone_slab":31,"minecraft:evoker_spawn_egg":3,"minecraft:nether_wart_block":1,"minecraft:coal_block":435,"minecraft:light_blue_concrete_powder":2,"minecraft:dark_oak_fence":8,"minecraft:smithing_table":34,"minecraft:white_stained_glass":1,"minecraft:green_concrete_powder":9,"minecraft:crimson_door":26,"minecraft:andesite":50,"minecraft:chain":6,"minecraft:mossy_cobblestone_wall":41,"minecraft:white_concrete":268,"minecraft:warped_button":1,"minecraft:cobweb":189,"minecraft:diorite_stairs":2,"minecraft:oak_fence":8,"minecraft:oak_trapdoor":8,"minecraft:orange_concrete_powder":2,"minecraft:netherite_sword":194,"minecraft:polished_blackstone_brick_slab":2,"minecraft:iron_bars":29,"minecraft:crimson_fence":8,"minecraft:acacia_log":6,"minecraft:orange_concrete":3,"minecraft:carved_pumpkin":4,"minecraft:redstone_ore":9,"minecraft:red_concrete":1,"minecraft:redstone":292,"minecraft:light_gray_carpet":1,"minecraft:silverfish_spawn_egg":1,"minecraft:stripped_warped_stem":5,"minecraft:spruce_planks":269,"minecraft:wither_skeleton_spawn_egg":2,"minecraft:dried_kelp_block":2,"minecraft:oak_door":4,"minecraft:green_glazed_terracotta":10,"minecraft:torch":309,"minecraft:ancient_debris":23,"minecraft:warped_wart_block":1,"minecraft:dirt":166,"minecraft:target":2,"minecraft:red_nether_brick_slab":14,"minecraft:white_carpet":25,"minecraft:hopper":10,"minecraft:prismarine_bricks":1,"minecraft:spruce_stairs":2,"minecraft:crimson_hyphae":33,"minecraft:warped_door":4,"minecraft:yellow_carpet":5,"minecraft:bee_nest":18,"minecraft:polished_granite_slab":3,"minecraft:jungle_trapdoor":4,"minecraft:granite":17,"minecraft:spruce_fence":4,"minecraft:blue_concrete":1,"minecraft:light_blue_stained_glass":214,"minecraft:nether_brick_stairs":10,"minecraft:oak_fence_gate":1,"minecraft:polished_diorite":7,"minecraft:fern":14,"minecraft:shroomlight":4,"minecraft:birch_door":2,"minecraft:purple_stained_glass_pane":16,"minecraft:sea_lantern":5,"minecraft:light_gray_stained_glass":7,"minecraft:yellow_stained_glass":12,"minecraft:warped_fence":46,"minecraft:iron_block":43,"minecraft:light_weighted_pressure_plate":1,"minecraft:oak_stairs":47,"minecraft:slime_block":20,"minecraft:spruce_button":1,"minecraft:brick_stairs":5,"minecraft:polished_blackstone_brick_stairs":10,"minecraft:smooth_quartz":8,"minecraft:prismarine_slab":4,"minecraft:barrel":3,"minecraft:light_gray_wool":458,"minecraft:tripwire_hook":24,"minecraft:purple_concrete":4,"minecraft:glowstone":10,"minecraft:lime_concrete":2,"minecraft:warped_stairs":8,"minecraft:magenta_wool":13,"minecraft:gray_glazed_terracotta":6,"minecraft:emerald_block":2,"minecraft:iron_trapdoor":35,"minecraft:lime_stained_glass":8,"minecraft:white_stained_glass_pane":14,"minecraft:podzol":5,"minecraft:cyan_concrete_powder":7,"minecraft:stone_pressure_plate":1,"minecraft:pumpkin":2,"minecraft:enchanted_golden_apple":1,"minecraft:crimson_stem":1,"minecraft:quartz_bricks":65,"minecraft:water_bucket":7,"minecraft:nether_brick_wall":2,"minecraft:iron_ore":25,"minecraft:sandstone_stairs":3,"minecraft:pink_glazed_terracotta":42,"minecraft:lodestone":31,"minecraft:prismarine_brick_slab":40,"minecraft:birch_planks":705,"minecraft:yellow_shulker_box":2,"minecraft:lime_wool":2,"minecraft:red_nether_bricks":1,"minecraft:cartography_table":3,"minecraft:andesite_slab":8,"minecraft:purple_glazed_terracotta":4,"minecraft:red_mushroom_block":9,"minecraft:blue_concrete_powder":2,"minecraft:vindicator_spawn_egg":1,"minecraft:stonecutter":3,"minecraft:red_glazed_terracotta":9,"minecraft:spruce_fence_gate":1,"minecraft:gold_ore":33,"minecraft:polished_blackstone_bricks":35,"minecraft:cracked_stone_bricks":31,"minecraft:gilded_blackstone":1,"minecraft:pink_concrete":5,"minecraft:jungle_wood":6,"minecraft:orange_carpet":2,"minecraft:comparator":43,"minecraft:dark_prismarine_slab":4,"minecraft:oak_slab":131,"minecraft:crafting_table":1,"minecraft:cyan_glazed_terracotta":7,"minecraft:crimson_trapdoor":1,"minecraft:light_gray_concrete_powder":2,"minecraft:dark_oak_fence_gate":11,"minecraft:brown_glazed_terracotta":14,"minecraft:painting":107,"minecraft:infested_stone_bricks":6,"minecraft:smooth_red_sandstone_stairs":11,"minecraft:warped_planks":1,"minecraft:smoker":2,"minecraft:mushroom_stem":5,"minecraft:dark_oak_door":9,"minecraft:nether_gold_ore":87,"minecraft:oak_log":9,"minecraft:dark_prismarine":1,"minecraft:piston":11,"minecraft:netherite_block":1979,"minecraft:flower_pot":1,"minecraft:activator_rail":1,"minecraft:black_wool":142,"minecraft:oxeye_daisy":1,"minecraft:warped_trapdoor":1,"minecraft:command_block":2170,"minecraft:sunflower":35,"minecraft:cracked_polished_blackstone_bricks":3,"minecraft:oak_button":42,"minecraft:netherite_axe":13,"minecraft:lapis_ore":28,"minecraft:spruce_pressure_plate":1,"minecraft:magenta_concrete":1,"minecraft:cyan_concrete":4,"minecraft:purpur_slab":7,"minecraft:spruce_trapdoor":30,"minecraft:magenta_concrete_powder":2,"minecraft:yellow_wool":2,"minecraft:acacia_fence_gate":1,"minecraft:green_carpet":2,"minecraft:cobblestone":1,"minecraft:potion":189,"minecraft:crimson_stairs":32,"minecraft:red_concrete_powder":1,"minecraft:chain_command_block":277,"minecraft:warped_fence_gate":1,"minecraft:jungle_door":2,"minecraft:lapis_block":2,"minecraft:grass_path":2,"minecraft:repeating_command_block":169,"minecraft:wither_rose":1,"minecraft:end_portal_frame":4,"minecraft:polished_blackstone_button":5,"minecraft:stripped_oak_log":25,"minecraft:husk_spawn_egg":3,"minecraft:splash_potion":1,"minecraft:soul_torch":1,"minecraft:gray_wool":197,"minecraft:brown_mushroom_block":7,"minecraft:smooth_stone":126,"minecraft:pillager_spawn_egg":1,"minecraft:birch_stairs":8,"minecraft:green_stained_glass":1},"minecraft:killed_by":{"minecraft:zombie":3},"minecraft:dropped":{"minecraft:gold_ore":1,"minecraft:diamond":1,"minecraft:dark_oak_button":1,"minecraft:emerald":1,"minecraft:yellow_dye":1,"minecraft:fermented_spider_eye":1,"minecraft:pink_glazed_terracotta":1,"minecraft:pink_dye":130,"minecraft:prismarine":1,"minecraft:white_dye":1,"minecraft:purpur_slab":64,"minecraft:command_block":1,"minecraft:coal":1,"minecraft:lava_bucket":1,"minecraft:crimson_stairs":1,"minecraft:blue_dye":64,"minecraft:milk_bucket":1,"minecraft:nether_gold_ore":65,"minecraft:torch":1,"minecraft:green_dye":2,"minecraft:potion":1,"minecraft:red_dye":1,"minecraft:crimson_button":1,"minecraft:spider_eye":129,"minecraft:slime_ball":1,"minecraft:brick":1}},"DataVersion":2586}